date,portfolio_value,cash,n_positions,regime
2020-01-01,100000.0,100000.0,0,0
2020-01-02,100000.0,100000.0,0,0
2020-01-03,100000.0,100000.0,0,0
2020-01-06,100000.0,100000.0,0,0
2020-01-07,100000.0,100000.0,0,0
2020-01-08,100000.0,100000.0,0,0
2020-01-09,100000.0,100000.0,0,0
2020-01-10,100000.0,100000.0,0,0
2020-01-13,100000.0,100000.0,0,0
2020-01-14,100000.0,100000.0,0,0
2020-01-15,100000.0,100000.0,0,0
2020-01-16,100000.0,100000.0,0,0
2020-01-17,100000.0,100000.0,0,0
2020-01-20,100000.0,100000.0,0,0
2020-01-21,100000.0,100000.0,0,0
2020-01-22,100000.0,100000.0,0,0
2020-01-23,100000.0,100000.0,0,0
2020-01-24,100000.0,100000.0,0,0
2020-01-27,100000.0,100000.0,0,0
2020-01-28,100000.0,100000.0,0,0
2020-01-29,100000.0,100000.0,0,0
2020-01-30,100000.0,100000.0,0,0
2020-01-31,100000.0,100000.0,0,0
2020-02-03,100000.0,100000.0,0,0
2020-02-04,100000.0,100000.0,0,0
2020-02-05,100000.0,100000.0,0,0
2020-02-06,100000.0,100000.0,0,0
2020-02-07,100000.0,100000.0,0,0
2020-02-10,100000.0,100000.0,0,0
2020-02-11,100000.0,100000.0,0,0
2020-02-12,100000.0,100000.0,0,0
2020-02-13,100000.0,100000.0,0,0
2020-02-14,100000.0,100000.0,0,0
2020-02-17,100000.0,100000.0,0,0
2020-02-18,100000.0,100000.0,0,0
2020-02-19,100000.0,100000.0,0,0
2020-02-20,100000.0,100000.0,0,0
2020-02-21,100000.0,100000.0,0,0
2020-02-24,100000.0,100000.0,0,0
2020-02-25,100000.0,100000.0,0,0
2020-02-26,100000.0,100000.0,0,0
2020-02-27,100000.0,100000.0,0,0
2020-02-28,100000.0,100000.0,0,0
2020-03-02,100000.0,100000.0,0,0
2020-03-03,100000.0,100000.0,0,0
2020-03-04,100000.0,100000.0,0,0
2020-03-05,100000.0,100000.0,0,0
2020-03-06,100000.0,100000.0,0,0
2020-03-09,100000.0,100000.0,0,0
2020-03-10,100000.0,100000.0,0,0
2020-03-11,100000.0,100000.0,0,0
2020-03-12,100000.0,100000.0,0,0
2020-03-13,100000.0,100000.0,0,0
2020-03-16,100000.0,100000.0,0,0
2020-03-17,100000.0,100000.0,0,0
2020-03-18,100000.0,100000.0,0,0
2020-03-19,100000.0,100000.0,0,0
2020-03-20,100000.0,100000.0,0,0
2020-03-23,100000.0,100000.0,0,0
2020-03-24,100000.0,100000.0,0,0
2020-03-25,100000.0,100000.0,0,2
2020-03-26,100000.0,100000.0,0,2
2020-03-27,100000.0,100000.0,0,2
2020-03-30,100000.0,100000.0,0,2
2020-03-31,100000.0,100000.0,0,2
2020-04-01,99973.53743600464,73510.97344064331,4,2
2020-04-02,99973.53743600464,73510.97344064331,4,2
2020-04-03,99967.23525094605,73510.97344064331,4,2
2020-04-06,99967.23525094605,73510.97344064331,4,2
2020-04-07,103395.16350411988,73510.97344064331,4,2
2020-04-08,103738.64519939423,57309.185749626165,12,2
2020-04-09,104360.8266111374,57309.185749626165,12,2
2020-04-10,104360.8266111374,57309.185749626165,12,2
2020-04-13,104770.52267894745,57309.185749626165,12,2
2020-04-14,104770.52267894745,57309.185749626165,12,2
2020-04-15,105999.64426470184,56180.76758623505,12,2
2020-04-16,106391.51405382538,56180.76758623505,12,2
2020-04-17,105907.4911351242,56180.76758623505,12,2
2020-04-20,105348.07296800995,56180.76758623505,12,2
2020-04-21,105865.88564348602,56180.76758623505,12,2
2020-04-22,106632.9898137436,59394.70992940522,14,2
2020-04-23,106464.18801778412,59394.70992940522,14,2
2020-04-24,106564.30821126557,59394.70992940522,14,2
2020-04-27,107264.57234490204,61275.963359001165,13,2
2020-04-28,106556.35942375947,61275.963359001165,13,2
2020-04-29,106443.82076670075,58722.22001291657,16,2
2020-04-30,106945.88115335847,58722.22001291657,16,2
2020-05-01,106945.88115335847,58722.22001291657,16,2
2020-05-04,106449.03128458405,58722.22001291657,16,2
2020-05-05,105773.15585375215,61005.925461296094,14,2
2020-05-06,105858.64788137056,60197.9638145981,14,2
2020-05-07,105439.58457265474,60197.9638145981,14,2
2020-05-08,106577.5142564621,60966.035641654984,13,2
2020-05-11,106366.71217058564,60966.035641654984,13,2
2020-05-12,106208.25807665254,60966.035641654984,13,2
2020-05-13,105587.25835054781,53428.903225120564,17,2
2020-05-14,105212.0362741318,53428.903225120564,17,2
2020-05-15,105166.1777616501,53790.7461286545,16,2
2020-05-18,104457.05773619845,60476.38302306368,13,2
2020-05-19,104982.26428679659,60476.38302306368,13,2
2020-05-20,106007.85732161715,55251.17137038424,14,2
2020-05-21,105978.48563277438,55251.17137038424,14,2
2020-05-22,106086.05446517184,55251.17137038424,14,2
2020-05-25,106086.05446517184,55251.17137038424,14,2
2020-05-26,105822.21268355563,55251.17137038424,14,2
2020-05-27,106176.02106188968,37367.329174987826,23,2
2020-05-28,107111.89816760257,37367.329174987826,23,2
2020-05-29,108428.03036212162,37367.329174987826,23,2
2020-06-01,108534.1973848267,37367.329174987826,23,2
2020-06-02,108329.6348771973,37367.329174987826,23,2
2020-06-03,108834.89835704044,16705.53529704288,36,2
2020-06-04,109512.0477463074,16705.53529704288,36,2
2020-06-05,110181.20733988956,16705.53529704288,36,2
2020-06-08,109758.42953646854,16705.53529704288,36,2
2020-06-09,109480.48718751529,19240.69681657413,34,2
2020-06-10,109114.97348033145,14433.16063891605,39,2
2020-06-11,107860.34551823429,16592.785869720494,37,2
2020-06-12,108299.26429212955,20066.260273345983,35,2
2020-06-15,107377.13794302371,23917.409236663854,31,2
2020-06-16,107464.93676161197,23917.409236663854,31,2
2020-06-17,107342.87935378269,29336.055974266088,28,0
2020-06-18,107810.28330733493,29336.055974266088,28,0
2020-06-19,108153.15607192233,29336.055974266088,28,0
2020-06-22,108872.29745986179,29336.055974266088,28,0
2020-06-23,110218.71645858005,29336.055974266088,28,0
2020-06-24,109154.66335606389,6494.78466343693,45,0
2020-06-25,109143.42406010441,6494.78466343693,45,0
2020-06-26,109545.42537236027,6494.78466343693,45,0
2020-06-29,108862.16938328557,6494.78466343693,45,0
2020-06-30,108876.20502018742,6494.78466343693,45,0
2020-07-01,108850.77888963322,7793.981480575601,44,0
2020-07-02,109748.28997514347,7793.981480575601,44,0
2020-07-03,110622.973385788,7793.981480575601,44,0
2020-07-06,111732.92044541935,7793.981480575601,44,0
2020-07-07,111850.72401139836,7793.981480575601,44,0
2020-07-08,111260.46589366155,11013.934460556071,44,0
2020-07-09,111934.38405575565,12735.147452972453,43,0
2020-07-10,111746.63226284794,12735.147452972453,43,0
2020-07-13,112341.22437551884,13721.256060394328,42,0
2020-07-14,111033.98394076542,14584.003777191203,41,0
2020-07-15,111484.48887609868,21300.900741333047,39,0
2020-07-16,113282.72612738042,21300.900741333047,39,0
2020-07-17,114076.98197912602,21300.900741333047,39,0
2020-07-20,114824.91056036382,21300.900741333047,39,0
2020-07-21,114813.37365698247,21300.900741333047,39,0
2020-07-22,114253.048179184,20367.88807633976,40,0
2020-07-23,115126.91580155949,20367.88807633976,40,0
2020-07-24,114550.2476802216,20367.88807633976,40,0
2020-07-27,114307.91796830753,20367.88807633976,40,0
2020-07-28,115727.03363755802,20367.88807633976,40,0
2020-07-29,116057.79659501652,18720.378565231364,41,0
2020-07-30,115872.46755448918,18720.378565231364,41,0
2020-07-31,116120.23562089543,18720.378565231364,41,0
2020-08-03,115043.82667008977,18720.378565231364,41,0
2020-08-04,116290.39476243596,18720.378565231364,41,0
2020-08-05,116670.75741331486,19956.821584152265,41,0
2020-08-06,117480.79063169865,19956.821584152265,41,0
2020-08-07,117895.64265196232,19956.821584152265,41,0
2020-08-10,118998.4993948212,19956.821584152265,41,0
2020-08-11,118694.29344694523,19956.821584152265,41,0
2020-08-12,118496.20133730321,16311.158421958968,43,0
2020-08-13,118645.79584261327,16311.158421958968,43,0
2020-08-14,117979.68929811864,16311.158421958968,43,0
2020-08-17,119212.34493013768,16311.158421958968,43,0
2020-08-18,120057.05704256444,16311.158421958968,43,0
2020-08-19,120066.27908339695,33891.58792128758,40,0
2020-08-20,119827.18063368992,33891.58792128758,40,0
2020-08-21,120477.00980391697,33891.58792128758,40,0
2020-08-24,120693.28247084812,33891.58792128758,40,0
2020-08-25,121268.72204604343,33891.58792128758,40,0
2020-08-26,121824.1126966782,31874.160357505843,40,0
2020-08-27,122005.13322737889,31874.160357505843,40,0
2020-08-28,122151.23270705418,31874.160357505843,40,0
2020-08-31,119713.87562850193,31874.160357505843,40,0
2020-09-01,120683.22980025486,31874.160357505843,40,0
2020-09-02,121212.01732289892,38804.08736837011,38,0
2020-09-03,121638.92439687352,38804.08736837011,38,0
2020-09-04,120107.45489919286,38804.08736837011,38,0
2020-09-07,120125.61845815282,38804.08736837011,38,0
2020-09-08,119378.19398427586,41190.95470357518,37,0
2020-09-09,119492.75528179937,51962.78668438726,28,0
2020-09-10,120149.0187781983,51962.78668438726,28,0
2020-09-11,120303.09569012457,51962.78668438726,28,0
2020-09-14,120542.20637738043,51962.78668438726,28,0
2020-09-15,120786.28075634771,51962.78668438726,28,0
2020-09-16,121696.55036840827,39756.948264221246,32,0
2020-09-17,121665.3646384278,39756.948264221246,32,0
2020-09-18,122864.18510351569,39756.948264221246,32,0
2020-09-21,120374.32150183112,39756.948264221246,32,0
2020-09-22,120235.78507147223,39756.948264221246,32,0
2020-09-23,120020.5951002503,63200.96360000615,22,0
2020-09-24,118334.71285488896,66555.77242520146,20,0
2020-09-25,119750.94347622685,66555.77242520146,20,0
2020-09-28,120489.91225674443,66555.77242520146,20,0
2020-09-29,120419.65981533818,66555.77242520146,20,0
2020-09-30,120538.17041134648,42521.38794064335,23,0
2020-10-01,121119.86227536015,42521.38794064335,23,0
2020-10-02,121119.86227536015,42521.38794064335,23,0
2020-10-05,122198.08599972539,42521.38794064335,23,0
2020-10-06,122716.95587277226,42521.38794064335,23,0
2020-10-07,123379.53864474491,17233.5909823914,33,0
2020-10-08,124518.46100802616,17233.5909823914,33,0
2020-10-09,124613.4850863953,17233.5909823914,33,0
2020-10-12,124696.59134860233,17233.5909823914,33,0
2020-10-13,124509.70246310429,17233.5909823914,33,0
2020-10-14,124800.21495547489,20368.015980865523,31,0
2020-10-15,123039.40248599247,20368.015980865523,31,0
2020-10-16,124217.47171234136,21697.42227386479,30,0
2020-10-19,124802.32116912847,21697.42227386479,30,0
2020-10-20,125190.63144134526,21697.42227386479,30,0
2020-10-21,125326.8198030396,36344.435525695844,25,0
2020-10-22,124774.71979693609,36344.435525695844,25,0
2020-10-23,124781.62555865484,36344.435525695844,25,0
2020-10-26,122979.23984698491,36344.435525695844,25,0
2020-10-27,124708.29657916265,36344.435525695844,25,0
2020-10-28,123410.8237036057,35532.56823332982,24,0
2020-10-29,123059.71507628636,35532.56823332982,24,0
2020-10-30,123178.38455565648,35532.56823332982,24,0
2020-11-02,123710.74122985081,35532.56823332982,24,0
2020-11-03,124664.83195861058,35532.56823332982,24,0
2020-11-04,125430.88993993383,31194.23252263646,26,0
2020-11-05,127315.962808281,31194.23252263646,26,0
2020-11-06,127628.83941808324,31194.23252263646,26,0
2020-11-09,129229.43567815404,31194.23252263646,26,0
2020-11-10,130403.80671849828,31194.23252263646,26,0
2020-11-11,132008.35360620884,12974.154799446153,37,0
2020-11-12,131549.564856514,12974.154799446153,37,0
2020-11-13,132527.96613214878,12974.154799446153,37,0
2020-11-16,132527.96613214878,12974.154799446153,37,0
2020-11-17,134402.77391718296,12974.154799446153,37,0
2020-11-18,135631.08653174597,17538.20483313756,36,0
2020-11-19,133970.60499488073,17538.20483313756,36,0
2020-11-20,135389.7332373734,17538.20483313756,36,0
2020-11-23,136428.2732764359,17538.20483313756,36,0
2020-11-24,137731.10166846472,17538.20483313756,36,0
2020-11-25,135863.9484550858,16819.220015754745,39,0
2020-11-26,137487.08682941442,16819.220015754745,39,0
2020-11-27,137564.65209888463,16819.220015754745,39,0
2020-11-30,137564.65209888463,16819.220015754745,39,0
2020-12-01,138728.3623955155,16819.220015754745,39,0
2020-12-02,140166.16413904575,20686.11568476109,39,0
2020-12-03,141188.79232050327,20686.11568476109,39,0
2020-12-04,142531.50869776157,20686.11568476109,39,0
2020-12-07,143223.22467829136,20686.11568476109,39,0
2020-12-08,142769.28409601597,20686.11568476109,39,0
2020-12-09,143542.61122010046,15854.650313118025,42,0
2020-12-10,143339.33316681677,15854.650313118025,42,0
2020-12-11,143616.0479724198,15854.650313118025,42,0
2020-12-14,144468.65521881872,15854.650313118025,42,0
2020-12-15,145102.12206909948,15854.650313118025,42,0
2020-12-16,146288.56179895787,18819.804505256696,40,0
2020-12-17,146407.8772057572,18819.804505256696,40,0
2020-12-18,146355.18413629918,18819.804505256696,40,0
2020-12-21,141567.30751941685,20558.298097114606,39,0
2020-12-22,143679.35595844273,20558.298097114606,39,0
2020-12-23,145094.95659027103,32266.83377990727,34,0
2020-12-24,145815.31761322025,32266.83377990727,34,0
2020-12-25,145815.31761322025,32266.83377990727,34,0
2020-12-28,147354.8859115601,32266.83377990727,34,0
2020-12-29,147347.20821533207,32266.83377990727,34,0
2020-12-30,148043.77932611087,22345.886305481,38,0
2020-12-31,147929.99019494632,22345.886305481,38,0
2021-01-01,148646.97673669437,22345.886305481,38,0
2021-01-04,149677.16982904056,22345.886305481,38,0
2021-01-05,150077.63132348636,22345.886305481,38,0
2021-01-06,150170.26332775882,15102.81111065678,42,0
2021-01-07,150956.6580192261,15102.81111065678,42,0
2021-01-08,152823.4956428223,15102.81111065678,42,0
2021-01-11,153207.3790046387,15102.81111065678,42,0
2021-01-12,153037.55968396,15102.81111065678,42,0
2021-01-13,153423.46558093265,11350.357327453656,45,0
2021-01-14,153230.39500903324,11350.357327453656,45,0
2021-01-15,151597.72181414798,11350.357327453656,45,0
2021-01-18,149217.35728930667,11350.357327453656,45,0
2021-01-19,151871.2901582642,11350.357327453656,45,0
2021-01-20,153155.20878234867,25919.697536621134,40,0
2021-01-21,152197.25028625492,25919.697536621134,40,0
2021-01-22,150252.869130127,30338.01112841801,37,0
2021-01-25,149593.92915820316,30338.01112841801,37,0
2021-01-26,149593.92915820316,30338.01112841801,37,0
2021-01-27,147722.53066970827,82748.43762161258,22,0
2021-01-28,147310.175292511,82748.43762161258,22,0
2021-01-29,146025.0137324524,82748.43762161258,22,0
2021-02-01,149000.43609573366,82748.43762161258,22,0
2021-02-02,150156.1411128235,82748.43762161258,22,0
2021-02-03,150754.11459796908,25741.973522834796,33,0
2021-02-04,152520.1999403763,25741.973522834796,33,0
2021-02-05,152890.0380980301,25741.973522834796,33,0
2021-02-08,155424.37855976107,25741.973522834796,33,0
2021-02-09,155225.12764423373,25741.973522834796,33,0
2021-02-10,155453.56501954654,14007.19487184145,40,0
2021-02-11,156072.75895875553,14007.19487184145,40,0
2021-02-12,156466.23858827213,14007.19487184145,40,0
2021-02-15,158679.94909089664,14007.19487184145,40,0
2021-02-16,159654.85508149723,14007.19487184145,40,0
2021-02-17,159846.64883833315,23444.974575332664,37,0
2021-02-18,160513.1334269562,23444.974575332664,37,0
2021-02-19,158080.6497309723,23444.974575332664,37,0
2021-02-22,157071.93838160706,24965.28794520571,36,0
2021-02-23,158136.82217829896,24965.28794520571,36,0
2021-02-24,160082.5545922394,56282.29198085024,25,0
2021-02-25,163268.88921748355,56282.29198085024,25,0
2021-02-26,159332.5578446808,58459.782232803365,24,0
2021-03-01,161614.59601454163,58459.782232803365,24,0
2021-03-02,163001.4530702057,58459.782232803365,24,0
2021-03-03,165302.59870747378,48171.69503620913,26,0
2021-03-04,164681.40969685366,48171.69503620913,26,0
2021-03-05,162959.20808247378,48171.69503620913,26,0
2021-03-08,163863.66175679018,48171.69503620913,26,0
2021-03-09,163459.75580433657,48171.69503620913,26,0
2021-03-10,163885.34283406072,35638.39606434635,29,0
2021-03-11,163885.34283406072,35638.39606434635,29,0
2021-03-12,162771.8083949738,35638.39606434635,29,0
2021-03-15,162770.75883442693,35638.39606434635,29,0
2021-03-16,162464.42205006414,35638.39606434635,29,0
2021-03-17,159538.25096872714,50702.77539041903,25,0
2021-03-18,158942.73265818026,50702.77539041903,25,0
2021-03-19,160654.55093363192,50702.77539041903,25,0
2021-03-22,162404.91932517244,54438.82124930575,24,0
2021-03-23,163428.0266631241,54438.82124930575,24,0
2021-03-24,161095.06096158602,64597.43323026278,22,0
2021-03-25,158879.98707236483,73216.37530173495,20,0
2021-03-26,159604.13272513583,73216.37530173495,20,0
2021-03-29,159604.13272513583,73216.37530173495,20,0
2021-03-30,162313.18622245028,73216.37530173495,20,0
2021-03-31,162175.59784848787,30539.919213844325,30,0
2021-04-01,165163.62184293367,30539.919213844325,30,0
2021-04-02,165163.62184293367,30539.919213844325,30,0
2021-04-05,164541.2886672745,30539.919213844325,30,0
2021-04-06,166414.34707028963,30539.919213844325,30,0
2021-04-07,166553.00146753696,23171.797396492027,34,0
2021-04-08,167963.37916071323,23171.797396492027,34,0
2021-04-09,168470.32040674594,23171.797396492027,34,0
2021-04-12,162041.54534339142,38138.52881812288,30,0
2021-04-13,163617.47471045685,38138.52881812288,30,0
2021-04-14,163596.2988123856,59293.25099134066,26,0
2021-04-15,164048.88549756625,59293.25099134066,26,0
2021-04-16,165639.30992078403,59293.25099134066,26,0
2021-04-19,163914.0996322098,61777.84691614535,25,0
2021-04-20,163987.87380213168,61777.84691614535,25,0
2021-04-21,163965.9558670731,71680.61843421175,21,0
2021-04-22,164456.33454444126,71680.61843421175,21,0
2021-04-23,163863.1754563065,71680.61843421175,21,0
2021-04-26,164311.0673172684,71680.61843421175,21,0
2021-04-27,165392.11288001254,71680.61843421175,21,0
2021-04-28,165680.20700418093,37331.51279794314,28,0
2021-04-29,167460.12857400515,37331.51279794314,28,0
2021-04-30,166743.9854923401,37331.51279794314,28,0
2021-05-03,168165.74209933475,40132.991717865014,27,0
2021-05-04,167666.50690036014,40132.991717865014,27,0
2021-05-05,168868.06004299928,37952.79735531618,28,0
2021-05-06,169906.4075237732,37952.79735531618,28,0
2021-05-07,171442.65941586305,37952.79735531618,28,0
2021-05-10,173772.62367977906,37952.79735531618,28,0
2021-05-11,173903.4181438904,37952.79735531618,28,0
2021-05-12,171843.33846035769,40853.18703976442,28,0
2021-05-13,171843.33846035769,40853.18703976442,28,0
2021-05-14,170132.36023464968,40853.18703976442,28,0
2021-05-17,172786.57444515993,40853.18703976442,28,0
2021-05-18,174468.51691189577,40853.18703976442,28,0
2021-05-19,174181.8296451416,19198.425340637226,37,0
2021-05-20,172610.437074646,19198.425340637226,37,0
2021-05-21,174134.58716009522,19198.425340637226,37,0
2021-05-24,174070.4051151123,19198.425340637226,37,0
2021-05-25,174668.567644104,19198.425340637226,37,0
2021-05-26,175291.48487908937,27320.455261779807,38,0
2021-05-27,175695.75599725344,27320.455261779807,38,0
2021-05-28,175242.04423577883,27320.455261779807,38,0
2021-05-31,176552.04415948488,27320.455261779807,38,0
2021-06-01,177998.4514928589,27320.455261779807,38,0
2021-06-02,180299.11244192507,25679.54229727175,39,0
2021-06-03,181827.2552718201,25679.54229727175,39,0
2021-06-04,183757.14874258425,25679.54229727175,39,0
2021-06-07,183327.64494314577,25679.54229727175,39,0
2021-06-08,183436.611434845,25679.54229727175,39,0
2021-06-09,182152.41531253053,19307.017508270288,42,0
2021-06-10,183619.3917987366,19307.017508270288,42,0
2021-06-11,184236.42130923463,19307.017508270288,42,0
2021-06-14,182709.69513583375,19307.017508270288,42,0
2021-06-15,183343.6343905945,19307.017508270288,42,0
2021-06-16,180963.7495225525,40122.794261322044,41,0
2021-06-17,180117.27752169804,42614.76159152224,40,0
2021-06-18,179031.53536471562,42614.76159152224,40,0
2021-06-21,179625.95414218144,42614.76159152224,40,0
2021-06-22,179848.6404214783,42614.76159152224,40,0
2021-06-23,179326.21898269656,51145.09751510623,37,0
2021-06-24,180174.90680313113,51145.09751510623,37,0
2021-06-25,180870.07195663455,51145.09751510623,37,0
2021-06-28,180958.57088851932,51145.09751510623,37,0
2021-06-29,180588.10902023318,51145.09751510623,37,0
2021-06-30,180155.26401751713,49932.65373461917,36,0
2021-07-01,180297.9102730103,49932.65373461917,36,0
2021-07-02,180244.50509875492,49932.65373461917,36,0
2021-07-05,181100.9221138306,49932.65373461917,36,0
2021-07-06,180973.5045494385,49932.65373461917,36,0
2021-07-07,181960.90536747745,49637.58352146915,35,0
2021-07-08,180514.98407231143,49637.58352146915,35,0
2021-07-09,181407.09969578555,49637.58352146915,35,0
2021-07-12,181848.44680271915,49637.58352146915,35,0
2021-07-13,182818.27287541202,49637.58352146915,35,0
2021-07-14,183144.12697892764,51872.124575668364,34,0
2021-07-15,183369.1370649872,51872.124575668364,34,0
2021-07-16,183356.26804643252,51872.124575668364,34,0
2021-07-19,182678.98517900088,51872.124575668364,34,0
2021-07-20,181287.86399369815,51872.124575668364,34,0
2021-07-21,181261.47596231083,55909.084765106236,30,0
2021-07-22,183563.65784707645,55909.084765106236,30,0
2021-07-23,183948.50023141483,55909.084765106236,30,0
2021-07-26,184340.0322138367,55909.084765106236,30,0
2021-07-27,183568.83526864627,55909.084765106236,30,0
2021-07-28,183698.0026916199,57674.27126919559,28,0
2021-07-29,185560.40182339482,57674.27126919559,28,0
2021-07-30,185567.88326870732,57674.27126919559,28,0
2021-08-02,186072.9694884949,57674.27126919559,28,0
2021-08-03,187516.93627774052,57674.27126919559,28,0
2021-08-04,187136.67004470827,28876.25537948611,36,0
2021-08-05,187365.38061599733,28876.25537948611,36,0
2021-08-06,187846.63560562136,28876.25537948611,36,0
2021-08-09,187328.8213508606,28876.25537948611,36,0
2021-08-10,186483.47820358278,28876.25537948611,36,0
2021-08-11,187116.39599710086,36974.8996973572,35,0
2021-08-12,188059.8147364197,36974.8996973572,35,0
2021-08-13,188557.20571237186,36974.8996973572,35,0
2021-08-16,189100.44934945682,36974.8996973572,35,0
2021-08-17,189798.06832223514,36974.8996973572,35,0
2021-08-18,189445.39114790346,41640.71318464663,35,0
2021-08-19,189445.39114790346,41640.71318464663,35,0
2021-08-20,187439.56166487123,41640.71318464663,35,0
2021-08-23,187681.18268995668,41640.71318464663,35,0
2021-08-24,190045.01016645815,41640.71318464663,35,0
2021-08-25,190004.55856931309,76841.5529540787,26,0
2021-08-26,190062.06894528965,76841.5529540787,26,0
2021-08-27,191006.22981870273,76841.5529540787,26,0
2021-08-30,192253.3137267838,76841.5529540787,26,0
2021-08-31,194686.17592465976,76841.5529540787,26,0
2021-09-01,194537.04526103975,34181.11290325168,35,0
2021-09-02,195874.0363804245,34181.11290325168,35,0
2021-09-03,196434.0143467331,34181.11290325168,35,0
2021-09-06,196837.2081180954,34181.11290325168,35,0
2021-09-07,196108.27084697725,34181.11290325168,35,0
2021-09-08,195803.4959994736,29898.294232505825,37,0
2021-09-09,196022.19563021092,29898.294232505825,37,0
2021-09-10,196022.19563021092,29898.294232505825,37,0
2021-09-13,196488.87592806248,29898.294232505825,37,0
2021-09-14,196945.85613741307,29898.294232505825,37,0
2021-09-15,198312.40335546114,27609.56699071505,40,0
2021-09-16,199237.9674500046,27609.56699071505,40,0
2021-09-17,198721.61523137667,27609.56699071505,40,0
2021-09-20,196318.34511010745,32562.337343383813,38,0
2021-09-21,198459.43690698245,32562.337343383813,38,0
2021-09-22,198801.94584411624,46121.41630310061,34,0
2021-09-23,201378.1726049805,46121.41630310061,34,0
2021-09-24,200790.89083618167,46121.41630310061,34,0
2021-09-27,199743.93986267093,46121.41630310061,34,0
2021-09-28,198630.44315856937,46121.41630310061,34,0
2021-09-29,199234.661659668,43823.74091381838,34,0
2021-09-30,198328.44944042971,43823.74091381838,34,0
2021-10-01,197492.87070507815,43823.74091381838,34,0
2021-10-04,199260.34545178225,43823.74091381838,34,0
2021-10-05,200247.5341419678,43823.74091381838,34,0
2021-10-06,197896.94444992067,66124.68639328005,30,0
2021-10-07,198939.33179428102,66124.68639328005,30,0
2021-10-08,199332.98276474,66124.68639328005,30,0
2021-10-11,200235.0280986023,66124.68639328005,30,0
2021-10-12,201066.2309642029,66124.68639328005,30,0
2021-10-13,202153.43434677128,40132.331075286886,35,0
2021-10-14,204325.88551864628,40132.331075286886,35,0
2021-10-15,204325.88551864628,40132.331075286886,35,0
2021-10-18,205094.74199447635,40132.331075286886,35,0
2021-10-19,203652.8330131531,40132.331075286886,35,0
2021-10-20,201816.58138691715,52025.80534016422,32,0
2021-10-21,201427.37907063297,52025.80534016422,32,0
2021-10-22,200129.54876362614,52025.80534016422,32,0
2021-10-25,199425.7071107941,56602.744815261874,31,0
2021-10-26,200917.0249055939,56602.744815261874,31,0
2021-10-27,200044.63124757388,108232.12363343812,18,0
2021-10-28,197723.06473451236,108232.12363343812,18,0
2021-10-29,197009.04442994692,114875.7065545807,17,0
2021-11-01,198059.3518029938,114875.7065545807,17,0
2021-11-02,197845.76359193423,114875.7065545807,17,0
2021-11-03,197786.15030662535,112364.50983421326,15,0
2021-11-04,197891.92360679625,112364.50983421326,15,0
2021-11-05,197891.92360679625,112364.50983421326,15,0
2021-11-08,198865.360908432,112364.50983421326,15,0
2021-11-09,199116.24549095152,112364.50983421326,15,0
2021-11-10,198900.93866493224,27772.90852882385,30,0
2021-11-11,197513.68414833068,27772.90852882385,30,0
2021-11-12,199518.83183815,27772.90852882385,30,0
2021-11-15,200466.39555877686,31496.171361389155,29,0
2021-11-16,200135.57636016846,31496.171361389155,29,0
2021-11-17,200951.61452549743,36065.22170323181,30,0
2021-11-18,198353.89615696715,36065.22170323181,30,0
2021-11-19,198353.89615696715,36065.22170323181,30,0
2021-11-22,195125.27668107604,53336.59838212585,26,0
2021-11-23,196458.51078141783,53336.59838212585,26,0
2021-11-24,196263.54366148374,110147.79654539489,14,0
2021-11-25,197196.52142942807,110147.79654539489,14,0
2021-11-26,194667.6059820404,118552.14562437437,13,0
2021-11-29,194340.66900242615,122666.52529515074,12,0
2021-11-30,194203.06364012146,132015.82484007263,11,0
2021-12-01,194141.61212345888,119314.98672673035,12,0
2021-12-02,195358.00009342958,119314.98672673035,12,0
2021-12-03,194117.7931842499,119314.98672673035,12,0
2021-12-06,192250.08485600282,119314.98672673035,12,0
2021-12-07,193056.52040287782,119314.98672673035,12,0
2021-12-08,193992.27322459413,63082.44599986268,17,0
2021-12-09,194109.52415538026,63082.44599986268,17,0
2021-12-10,194010.58844065858,63082.44599986268,17,0
2021-12-13,193581.0563209076,63082.44599986268,17,0
2021-12-14,193882.225128891,63082.44599986268,17,0
2021-12-15,192607.3900701752,53422.10201475527,20,0
2021-12-16,192626.17025205996,53422.10201475527,20,0
2021-12-17,190807.98919435122,57072.00982423403,19,0
2021-12-20,187671.59214120486,69571.23629098514,17,0
2021-12-21,190254.9771509705,69571.23629098514,17,0
2021-12-22,191996.40923800663,66350.8802463074,17,0
2021-12-23,192744.98743930057,66350.8802463074,17,0
2021-12-24,192919.71711459354,66350.8802463074,17,0
2021-12-27,193762.19538607792,66350.8802463074,17,0
2021-12-28,195410.78431430057,66350.8802463074,17,0
2021-12-29,195018.43186257937,55719.74160073855,20,2
2021-12-30,195068.47057412722,55719.74160073855,20,2
2021-12-31,196331.09108804323,55719.74160073855,20,2
2022-01-03,198020.25229714968,55719.74160073855,20,2
2022-01-04,198305.806816803,55719.74160073855,20,2
2022-01-05,198148.17577196506,33695.600874198935,29,2
2022-01-06,197239.05666185764,33695.600874198935,29,2
2022-01-07,198031.13516069797,33695.600874198935,29,2
2022-01-10,199961.23087908176,33695.600874198935,29,2
2022-01-11,200861.07019640354,33695.600874198935,29,2
2022-01-12,202062.34209090425,41296.38921004488,29,2
2022-01-13,203503.6048701401,41296.38921004488,29,2
2022-01-14,203186.87896376802,41296.38921004488,29,2
2022-01-17,202569.4727290268,41296.38921004488,29,2
2022-01-18,199702.88269246675,45850.83801473238,28,2
2022-01-19,199214.543669075,64417.83062586213,27,2
2022-01-20,198772.39518946077,68686.3965322342,26,2
2022-01-21,196833.92719538117,70315.01469690705,25,2
2022-01-24,193277.71599424747,77367.04187620546,21,2
2022-01-25,194928.0518488617,83544.79397532655,20,2
2022-01-26,194852.8878867035,142038.34217137148,9,0
2022-01-27,194777.47232884218,142038.34217137148,9,0
2022-01-28,194362.38155430605,142038.34217137148,9,0
2022-01-31,194748.65299290468,142038.34217137148,9,0
2022-02-01,195164.02535313417,142038.34217137148,9,0
2022-02-02,195207.40446440125,80109.11769071962,14,0
2022-02-03,194577.29324308777,80109.11769071962,14,0
2022-02-04,194466.03128019714,80109.11769071962,14,0
2022-02-07,193450.02040068054,80109.11769071962,14,0
2022-02-08,193973.67660490418,80109.11769071962,14,0
2022-02-09,196148.9559161072,60167.20532864382,17,0
2022-02-10,196778.82094448854,60167.20532864382,17,0
2022-02-11,195351.23705166628,60167.20532864382,17,0
2022-02-14,190992.5644442444,60167.20532864382,17,0
2022-02-15,193488.2674319153,60167.20532864382,17,0
2022-02-16,193518.95426268008,85379.49921507265,13,0
2022-02-17,193030.29818052676,85379.49921507265,13,0
2022-02-18,192983.26041502383,85379.49921507265,13,0
2022-02-21,191754.73056120303,85379.49921507265,13,0
2022-02-22,190984.5400170746,85379.49921507265,13,0
2022-02-23,190894.86896826173,119576.58130194093,9,0
2022-02-24,187386.12140734863,143351.4223717041,7,0
2022-02-25,189453.3138359375,143351.4223717041,7,0
2022-02-28,190947.2870338745,143351.4223717041,7,0
2022-03-01,190947.2870338745,143351.4223717041,7,0
2022-03-02,192460.86063671875,120738.6666212158,8,0
2022-03-03,193893.3604230957,120738.6666212158,8,0
2022-03-04,191976.5500135498,120738.6666212158,8,0
2022-03-07,193664.6356763916,120738.6666212158,8,0
2022-03-08,192957.73240185546,120738.6666212158,8,0
2022-03-09,192171.46289752197,71700.90471575926,14,0
2022-03-10,192498.00438616943,71700.90471575926,14,0
2022-03-11,194100.9554664917,71700.90471575926,14,0
2022-03-14,194631.49050067138,71700.90471575926,14,0
2022-03-15,191936.14429400634,71700.90471575926,14,0
2022-03-16,193565.8593794708,31044.88148945616,28,0
2022-03-17,195695.33104389952,31044.88148945616,28,0
2022-03-18,195695.33104389952,31044.88148945616,28,0
2022-03-21,193943.56366413878,31044.88148945616,28,0
2022-03-22,195386.3550917511,31044.88148945616,28,0
2022-03-23,195193.25364106748,22586.017343460073,32,0
2022-03-24,195828.35190766904,22586.017343460073,32,0
2022-03-25,195073.69536775205,22586.017343460073,32,0
2022-03-28,195988.72760957334,22586.017343460073,32,0
2022-03-29,196821.19495576475,22586.017343460073,32,0
2022-03-30,197315.88926481627,27595.35787748717,30,0
2022-03-31,196963.92086576842,27595.35787748717,30,0
2022-04-01,199003.89219450377,27595.35787748717,30,0
2022-04-04,201192.21619963073,27595.35787748717,30,0
2022-04-05,201837.62200712584,27595.35787748717,30,0
2022-04-06,202043.4007322235,27513.328390304556,33,0
2022-04-07,200674.9632169647,27513.328390304556,33,0
2022-04-08,202542.00533122252,27513.328390304556,33,0
2022-04-11,202319.3120023651,27513.328390304556,33,0
2022-04-12,200653.70729838562,30145.823265182487,32,0
2022-04-13,200748.30249308777,41851.19684123229,29,0
2022-04-14,200748.30249308777,41851.19684123229,29,0
2022-04-15,200748.30249308777,41851.19684123229,29,0
2022-04-18,200930.22871684266,41851.19684123229,29,0
2022-04-19,198754.60301493836,48219.44075297545,28,0
2022-04-20,199298.28303813172,48219.44075297545,28,0
2022-04-21,200742.72775553894,48219.44075297545,28,0
2022-04-22,198701.44172953797,48219.44075297545,28,0
2022-04-25,195959.74360942078,48219.44075297545,28,0
2022-04-26,199486.55110453797,48219.44075297545,28,0
2022-04-27,197645.50859251403,68619.65269651794,24,0
2022-04-28,199327.3835009613,68619.65269651794,24,0
2022-04-29,197750.2096575775,68619.65269651794,24,0
2022-05-02,198344.97294798278,68619.65269651794,24,0
2022-05-03,198344.97294798278,68619.65269651794,24,0
2022-05-04,195744.74916886902,77662.15622758484,20,0
2022-05-05,195297.63837480164,77662.15622758484,20,0
2022-05-06,194769.24036473082,80109.47434300232,19,0
2022-05-09,194015.81409519957,80109.47434300232,19,0
2022-05-10,192422.49338164518,94077.91049590301,17,0
2022-05-11,191994.51985216522,125540.08790636444,11,0
2022-05-12,190614.81575060272,125540.08790636444,11,0
2022-05-13,190916.751914299,133564.61113671112,9,0
2022-05-16,191077.84279564666,133564.61113671112,9,0
2022-05-17,192350.9669106369,133564.61113671112,9,0
2022-05-18,191745.93312993622,102100.81118169402,13,0
2022-05-19,190459.1693665085,102100.81118169402,13,0
2022-05-20,192417.65255132294,102100.81118169402,13,0
2022-05-23,192186.265733696,105893.62224004364,12,0
2022-05-24,191670.3029956589,105893.62224004364,12,0
2022-05-25,191434.41476976778,72590.242009758,16,0
2022-05-26,192231.81879198458,72590.242009758,16,0
2022-05-27,193253.32956468966,72590.242009758,16,0
2022-05-30,194390.40698778536,72590.242009758,16,0
2022-05-31,194861.07828295138,72590.242009758,16,0
2022-06-01,194072.44586220552,40731.96405068208,22,0
2022-06-02,194400.36264076998,40731.96405068208,22,0
2022-06-03,193272.15594521334,40731.96405068208,22,0
2022-06-06,193581.14822426607,40731.96405068208,22,0
2022-06-07,192446.07818642427,40731.96405068208,22,0
2022-06-08,191538.80516842654,84512.63690213014,15,0
2022-06-09,192759.8530733948,84512.63690213014,15,0
2022-06-10,191645.45996121218,84512.63690213014,15,0
2022-06-13,189029.73535946658,84512.63690213014,15,0
2022-06-14,188650.15696743777,84512.63690213014,15,0
2022-06-15,188206.74646788026,126418.90796690372,8,2
2022-06-16,186548.27799253847,126418.90796690372,8,2
2022-06-17,186299.83543284613,144606.6894062348,5,2
2022-06-20,185857.50681956488,144606.6894062348,5,2
2022-06-21,186964.00962718207,144606.6894062348,5,2
2022-06-22,186095.41236940012,140594.18702760324,4,2
2022-06-23,186524.88111940012,140594.18702760324,4,2
2022-06-24,187252.82704225168,140594.18702760324,4,2
2022-06-27,187565.02113404855,140594.18702760324,4,2
2022-06-28,187604.48860231027,140594.18702760324,4,2
2022-06-29,187009.04294569406,72805.84641249095,14,2
2022-06-30,186239.10515577707,72805.84641249095,14,2
2022-07-01,187229.37349378216,73927.65897046673,13,2
2022-07-04,188904.1061292802,73927.65897046673,13,2
2022-07-05,188464.60603772747,73927.65897046673,13,2
2022-07-06,191413.04532938398,63165.43377237713,16,2
2022-07-07,192094.62629251875,63165.43377237713,16,2
2022-07-08,192821.16887979902,63165.43377237713,16,2
2022-07-11,194171.21259622969,63165.43377237713,16,2
2022-07-12,192763.74123697676,63165.43377237713,16,2
2022-07-13,193046.93986687483,49246.06274590314,21,2
2022-07-14,193191.68374810042,49246.06274590314,21,2
2022-07-15,195427.97056755843,49246.06274590314,21,2
2022-07-18,195759.11450371565,49246.06274590314,21,2
2022-07-19,196413.3612383348,49246.06274590314,21,2
2022-07-20,197013.4373138963,47869.98846135724,22,2
2022-07-21,197997.9685638963,47869.98846135724,22,2
2022-07-22,198719.04090581526,47869.98846135724,22,2
2022-07-25,198005.96722112288,47869.98846135724,22,2
2022-07-26,196191.5557094041,52819.270553154114,21,2
2022-07-27,197280.83705004133,51085.5081163255,22,2
2022-07-28,198432.64378221906,51085.5081163255,22,2
2022-07-29,200166.47711046613,51085.5081163255,22,2
2022-08-01,201387.0113511888,51085.5081163255,22,2
2022-08-02,202178.48933275617,51085.5081163255,22,2
2022-08-03,201934.52430997477,21152.334383827325,35,2
2022-08-04,202169.29648862468,21152.334383827325,35,2
2022-08-05,201404.71334348308,21152.334383827325,35,2
2022-08-08,202639.33227811442,21152.334383827325,35,2
2022-08-09,202639.33227811442,21152.334383827325,35,2
2022-08-10,203512.13356855023,20506.00461652386,36,0
2022-08-11,203376.5471275102,20506.00461652386,36,0
2022-08-12,203801.12910535443,20506.00461652386,36,0
2022-08-15,203801.12910535443,20506.00461652386,36,0
2022-08-16,206447.44468762982,20506.00461652386,36,0
2022-08-17,207806.64456610882,14679.1193433305,40,0
2022-08-18,208231.57730536663,14679.1193433305,40,0
2022-08-19,205943.91756873333,14679.1193433305,40,0
2022-08-22,203793.28796057904,14679.1193433305,40,0
2022-08-23,205592.0173764726,14679.1193433305,40,0
2022-08-24,205972.67519983684,28598.206159919857,34,0
2022-08-25,205518.46075281536,28598.206159919857,34,0
2022-08-26,205966.5291884843,28598.206159919857,34,0
2022-08-29,205618.01446375286,28598.206159919857,34,0
2022-08-30,209232.2943862382,28598.206159919857,34,0
2022-08-31,209232.2943862382,28598.206159919857,34,0
2022-09-01,208471.0915358964,28598.206159919857,34,0
2022-09-02,208398.3860457841,28598.206159919857,34,0
2022-09-05,208796.1204207841,28598.206159919857,34,0
2022-09-06,208554.84493860637,28598.206159919857,34,0
2022-09-07,208719.73237781535,37528.628877449155,34,0
2022-09-08,209809.4387987138,37528.628877449155,34,0
2022-09-09,210023.29014759074,37528.628877449155,34,0
2022-09-12,210352.58677845012,37528.628877449155,34,0
2022-09-13,211818.2196062089,37528.628877449155,34,0
2022-09-14,211967.97504462444,28049.988747017025,37,0
2022-09-15,212117.6174091264,28049.988747017025,37,0
2022-09-16,208790.2079594804,31041.89271289837,35,0
2022-09-19,210122.30035144818,31041.89271289837,35,0
2022-09-20,212420.35509998334,31041.89271289837,35,0
2022-09-21,212051.7430740739,54232.740083351244,28,0
2022-09-22,213162.15200962077,54232.740083351244,28,0
2022-09-23,210973.28080068217,54360.97702870952,27,0
2022-09-26,206986.33612923443,59089.99248604595,25,0
2022-09-27,207244.97281746686,59089.99248604595,25,0
2022-09-28,206622.36525270855,139839.34266970074,8,0
2022-09-29,206500.53303835308,139839.34266970074,8,0
2022-09-30,206656.92494509136,139839.34266970074,8,0
2022-10-03,205099.7480041734,139839.34266970074,8,0
2022-10-04,206287.61146852886,139839.34266970074,8,0
2022-10-05,206171.46116788493,57503.88049466717,16,0
2022-10-06,206578.3773666154,57503.88049466717,16,0
2022-10-07,206390.29161222087,57503.88049466717,16,0
2022-10-10,206071.2696624528,57503.88049466717,16,0
2022-10-11,202703.26149137126,57503.88049466717,16,0
2022-10-12,204156.8342118913,85661.13798386397,13,0
2022-10-13,204036.37703568282,85661.13798386397,13,0
2022-10-14,204432.33866745772,85661.13798386397,13,0
2022-10-17,204387.22686316696,91430.50484015669,12,0
2022-10-18,205324.75807501998,91430.50484015669,12,0
2022-10-19,204633.25105268112,42244.34004193895,21,0
2022-10-20,205530.03753644577,42244.34004193895,21,0
2022-10-21,205259.4409559404,42244.34004193895,21,0
2022-10-24,206532.35890180222,42244.34004193895,21,0
2022-10-25,205987.6027982866,42244.34004193895,21,0
2022-10-26,205951.12280831163,30526.28267464464,27,0
2022-10-27,207391.3581980211,30526.28267464464,27,0
2022-10-28,207316.10377297227,30526.28267464464,27,0
2022-10-31,209060.22076210802,30526.28267464464,27,0
2022-11-01,210861.28110298936,30526.28267464464,27,0
2022-11-02,210364.0545712053,21364.225431495845,32,0
2022-11-03,209861.56494718188,21364.225431495845,32,0
2022-11-04,211690.09469419115,21364.225431495845,32,0
2022-11-07,214098.09019284838,21364.225431495845,32,0
2022-11-08,214098.09019284838,21364.225431495845,32,0
2022-11-09,213590.01636624927,22454.410645729244,32,0
2022-11-10,212255.95364194506,24495.248014503657,31,0
2022-11-11,213896.18150144213,24495.248014503657,31,0
2022-11-14,214160.24536710375,24495.248014503657,31,0
2022-11-15,214826.75308805102,24495.248014503657,31,0
2022-11-16,214228.48561066453,56566.47679108446,26,0
2022-11-17,213694.5476147539,56566.47679108446,26,0
2022-11-18,213346.58560150926,56566.47679108446,26,0
2022-11-21,212197.96635407273,56566.47679108446,26,0
2022-11-22,212967.63992279832,56566.47679108446,26,0
2022-11-23,213028.74171607225,63237.507913276844,26,0
2022-11-24,214502.4998871538,63237.507913276844,26,0
2022-11-25,214859.2406937334,63237.507913276844,26,0
2022-11-28,214638.3889862749,63237.507913276844,26,0
2022-11-29,215110.35107581347,63237.507913276844,26,0
2022-11-30,215959.02497466296,23660.9474981615,38,0
2022-12-01,216867.48811705798,23660.9474981615,38,0
2022-12-02,216518.97256072253,23660.9474981615,38,0
2022-12-05,217085.8117330858,23660.9474981615,38,0
2022-12-06,216441.56687529772,23660.9474981615,38,0
2022-12-07,215200.39706871813,27674.87338707751,38,0
2022-12-08,215551.32516167467,27674.87338707751,38,0
2022-12-09,214057.83761284655,27674.87338707751,38,0
2022-12-12,214642.42114708727,27674.87338707751,38,0
2022-12-13,215506.02124474352,27674.87338707751,38,0
2022-12-14,216516.56035118885,64602.220598991575,31,0
2022-12-15,215241.43565636463,64602.220598991575,31,0
2022-12-16,213869.58924370594,64602.220598991575,31,0
2022-12-19,215412.1248577196,64602.220598991575,31,0
2022-12-20,214851.8247707445,64602.220598991575,31,0
2022-12-21,213202.76845319383,88787.37444074267,24,0
2022-12-22,212084.72170044726,91880.43136383838,23,0
2022-12-23,209232.6065652544,93984.53395630664,22,0
2022-12-26,210695.91213013476,93984.53395630664,22,0
2022-12-27,211715.63744904345,93984.53395630664,22,0
2022-12-28,211745.48011481494,119674.81460272998,16,0
2022-12-29,212016.54845130176,119674.81460272998,16,0
2022-12-30,211932.72456824512,119674.81460272998,16,0
2023-01-02,212544.85876166553,119674.81460272998,16,0
2023-01-03,212623.87074744434,119674.81460272998,16,0
2023-01-04,211384.41498163622,75811.20611170214,21,0
2023-01-05,211805.14614466112,75811.20611170214,21,0
2023-01-06,210607.7763326494,75811.20611170214,21,0
2023-01-09,212337.70067957323,75811.20611170214,21,0
2023-01-10,211713.73745325487,75811.20611170214,21,0
2023-01-11,211696.18093422716,75225.74160317247,22,0
2023-01-12,211297.29887703722,75225.74160317247,22,0
2023-01-13,212415.9165146715,75225.74160317247,22,0
2023-01-16,211809.82530525987,75225.74160317247,22,0
2023-01-17,212465.29566506212,75225.74160317247,22,0
2023-01-18,213549.96577957933,45228.41697434252,27,0
2023-01-19,213151.8198902971,45228.41697434252,27,0
2023-01-20,211982.58376816576,45228.41697434252,27,0
2023-01-23,213140.62867478197,45228.41697434252,27,0
2023-01-24,212513.68176010912,45228.41697434252,27,0
2023-01-25,210911.64572786732,68606.31102632923,22,0
2023-01-26,210911.64572786732,68606.31102632923,22,0
2023-01-27,208530.11933126088,74116.12967671987,21,0
2023-01-30,208031.72940816518,74116.12967671987,21,0
2023-01-31,207967.1254424059,74116.12967671987,21,0
2023-02-01,207866.61294664786,100666.79581560538,16,0
2023-02-02,208241.66903795645,100666.79581560538,16,0
2023-02-03,208750.63307939933,103494.86823259757,15,0
2023-02-06,208324.6509627001,103494.86823259757,15,0
2023-02-07,206959.14067827628,103494.86823259757,15,0
2023-02-08,207762.56603008293,104221.88478618643,14,0
2023-02-09,208000.95909648918,104221.88478618643,14,0
2023-02-10,207531.2671104052,104221.88478618643,14,0
2023-02-13,207418.24850994133,104221.88478618643,14,0
2023-02-14,207937.4233604052,104221.88478618643,14,0
2023-02-15,207894.0770367968,51697.44834416985,23,0
2023-02-16,208725.69330876946,51697.44834416985,23,0
2023-02-17,207890.7024640429,51697.44834416985,23,0
2023-02-20,207514.80135625481,51697.44834416985,23,0
2023-02-21,207208.08744329095,51697.44834416985,23,0
2023-02-22,205421.24849469017,109022.67316967798,13,2
2023-02-23,205301.10368878196,109022.67316967798,13,2
2023-02-24,205224.25896221946,109022.67316967798,13,2
2023-02-27,204119.41765362571,109022.67316967798,13,2
2023-02-28,203120.35456078363,125539.40181725335,11,2
2023-03-01,203775.05002022578,151140.04767037227,7,2
2023-03-02,203566.61952400996,151140.04767037227,7,2
2023-03-03,203944.59259224727,151140.04767037227,7,2
2023-03-06,204499.90445137813,151140.04767037227,7,2
2023-03-07,204499.90445137813,151140.04767037227,7,2
2023-03-08,204741.9329256671,110873.43925806454,13,2
2023-03-09,204086.745288338,110873.43925806454,13,2
2023-03-10,203844.1236151202,113262.14581665829,12,2
2023-03-13,202846.99835767393,116301.2160090411,10,2
2023-03-14,202132.7142948077,118231.93631018857,9,2
2023-03-15,202222.34437073546,135203.6308545001,7,2
2023-03-16,202627.67212952452,135203.6308545001,7,2
2023-03-17,202906.54014099913,135203.6308545001,7,2
2023-03-20,202637.96840943175,135203.6308545001,7,2
2023-03-21,202390.66703308898,135203.6308545001,7,2
2023-03-22,202346.99430127745,108942.33182569151,11,2
2023-03-23,201966.77303357725,108942.33182569151,11,2
2023-03-24,201402.41887989073,122057.05456104307,10,2
2023-03-27,201250.1996110919,122057.05456104307,10,2
2023-03-28,201394.4694322589,122057.05456104307,10,2
2023-03-29,202187.44570673397,124773.52598322324,9,2
2023-03-30,202187.44570673397,124773.52598322324,9,2
2023-03-31,202803.69331110409,124773.52598322324,9,2
2023-04-03,203280.19016779354,124773.52598322324,9,2
2023-04-04,203280.19016779354,124773.52598322324,9,2
2023-04-05,203729.52776479366,60752.915841575894,19,2
2023-04-06,203300.78571462276,60752.915841575894,19,2
2023-04-07,203300.78571462276,60752.915841575894,19,2
2023-04-10,204545.53295278194,60752.915841575894,19,2
2023-04-11,205741.0367674792,60752.915841575894,19,2
2023-04-12,205971.0568617175,41645.889915306354,25,2
2023-04-13,205882.62818129756,41645.889915306354,25,2
2023-04-14,205882.62818129756,41645.889915306354,25,2
2023-04-17,206193.90333303096,51377.704999290734,23,2
2023-04-18,205607.92556508663,51377.704999290734,23,2
2023-04-19,205142.8751626666,55339.46938568905,25,0
2023-04-20,205189.82778412657,55339.46938568905,25,0
2023-04-21,205180.80419403868,55339.46938568905,25,0
2023-04-24,205676.50719696836,55339.46938568905,25,0
2023-04-25,206184.5319925006,55339.46938568905,25,0
2023-04-26,206613.4466781848,60370.06279756954,25,0
2023-04-27,207720.12891390256,60370.06279756954,25,0
2023-04-28,209088.82874300412,60370.06279756954,25,0
2023-05-01,209088.82874300412,60370.06279756954,25,0
2023-05-02,210131.65987398557,60370.06279756954,25,0
2023-05-03,209703.0361244357,27380.84318467739,33,0
2023-05-04,210429.15836259487,27380.84318467739,33,0
2023-05-05,210265.22018357876,27380.84318467739,33,0
2023-05-08,211823.7968513644,27380.84318467739,33,0
2023-05-09,211395.86734696987,27380.84318467739,33,0
2023-05-10,211858.53728392057,22918.905646347313,36,0
2023-05-11,210905.4447317355,22918.905646347313,36,0
2023-05-12,209987.504945267,28073.724091995507,35,0
2023-05-15,210947.66864918545,28073.724091995507,35,0
2023-05-16,210648.02006672695,28073.724091995507,35,0
2023-05-17,209941.05239230374,69755.74154025296,29,0
2023-05-18,209081.26111727933,69755.74154025296,29,0
2023-05-19,209016.85707980374,69755.74154025296,29,0
2023-05-22,209637.6649106143,69755.74154025296,29,0
2023-05-23,209797.6622250674,69755.74154025296,29,0
2023-05-24,210176.43992648344,84321.40953097561,28,0
2023-05-25,211083.45552096586,84321.40953097561,28,0
2023-05-26,211701.5024722598,84321.40953097561,28,0
2023-05-29,212192.63912997465,84321.40953097561,28,0
2023-05-30,212391.75878939847,84321.40953097561,28,0
2023-05-31,212068.23775936916,49339.14664913968,35,0
2023-06-01,211761.40313412502,49339.14664913968,35,0
2023-06-02,212407.8142821963,49339.14664913968,35,0
2023-06-05,212398.2457854922,49339.14664913968,35,0
2023-06-06,212799.7491576846,49339.14664913968,35,0
2023-06-07,214397.0887660525,40158.116231872824,38,0
2023-06-08,213396.84539599635,40158.116231872824,38,0
2023-06-09,212585.82377429225,40158.116231872824,38,0
2023-06-12,213157.83828540065,40158.116231872824,38,0
2023-06-13,214398.3596934817,40158.116231872824,38,0
2023-06-14,215036.6545472415,58367.93681195095,33,0
2023-06-15,215715.27097943143,58367.93681195095,33,0
2023-06-16,216636.51701214627,58367.93681195095,33,0
2023-06-19,216075.66203167752,58367.93681195095,33,0
2023-06-20,216716.4210038455,58367.93681195095,33,0
2023-06-21,216490.27078936796,62119.147521240506,32,0
2023-06-22,215543.05647967558,62119.147521240506,32,0
2023-06-23,214243.2761556399,66575.66700952176,31,0
2023-06-26,214968.8888723147,66575.66700952176,31,0
2023-06-27,215700.20163934352,66575.66700952176,31,0
2023-06-28,216770.04094566373,59023.50800956753,32,0
2023-06-29,216770.04094566373,59023.50800956753,32,0
2023-06-30,218089.13205589322,59023.50800956753,32,0
2023-07-03,218403.79246391324,59023.50800956753,32,0
2023-07-04,219148.720541611,59023.50800956753,32,0
2023-07-05,220215.5347112582,25092.40807856777,41,0
2023-07-06,221344.9074682162,25092.40807856777,41,0
2023-07-07,219120.16994990566,25092.40807856777,41,0
2023-07-10,218802.1971105502,25092.40807856777,41,0
2023-07-11,220162.61495722987,25092.40807856777,41,0
2023-07-12,219956.676386246,39316.652078995015,38,0
2023-07-13,219454.00361860683,39316.652078995015,38,0
2023-07-14,220537.34509504726,39316.652078995015,38,0
2023-07-17,221044.45934523037,39316.652078995015,38,0
2023-07-18,220754.76924360683,39316.652078995015,38,0
2023-07-19,221665.05533497647,39682.66301625089,39,0
2023-07-20,223311.53182118252,39682.66301625089,39,0
2023-07-21,222135.1251668246,39682.66301625089,39,0
2023-07-24,221548.47093098477,39682.66301625089,39,0
2023-07-25,221602.99688618496,39682.66301625089,39,0
2023-07-26,222511.24274801664,74057.89546560697,32,0
2023-07-27,222855.51237081937,74057.89546560697,32,0
2023-07-28,223749.01704000882,74057.89546560697,32,0
2023-07-31,224790.8038899844,74057.89546560697,32,0
2023-08-01,224091.47882437162,74057.89546560697,32,0
2023-08-02,222349.71020466642,96951.1685176547,25,0
2023-08-03,221696.10360676603,96951.1685176547,25,0
2023-08-04,222401.83947712736,96951.1685176547,25,0
2023-08-07,223185.83616597013,96951.1685176547,25,0
2023-08-08,222969.17768818693,96951.1685176547,25,0
2023-08-09,223741.71314381436,72553.98615406828,26,0
2023-08-10,223476.79158161953,72553.98615406828,26,0
2023-08-11,222793.22371815518,72553.98615406828,26,0
2023-08-14,222304.80231617764,72553.98615406828,26,0
2023-08-15,222304.80231617764,72553.98615406828,26,0
2023-08-16,222389.44116703823,82677.17702214078,23,0
2023-08-17,222170.5062305148,82677.17702214078,23,0
2023-08-18,221479.5297748263,82677.17702214078,23,0
2023-08-21,222350.14633671596,82677.17702214078,23,0
2023-08-22,222600.10982243373,82677.17702214078,23,0
2023-08-23,222502.44446430999,79664.06262837249,23,0
2023-08-24,221620.93489704924,79664.06262837249,23,0
2023-08-25,220382.7069917758,79664.06262837249,23,0
2023-08-28,220819.97476826506,79664.06262837249,23,0
2023-08-29,221493.41562519866,79664.06262837249,23,0
2023-08-30,221525.11107222014,88011.90520063811,22,0
2023-08-31,221031.7848240512,88011.90520063811,22,0
2023-09-01,222985.5250431674,88011.90520063811,22,0
2023-09-04,224612.25227705413,88011.90520063811,22,0
2023-09-05,225278.1434971469,88011.90520063811,22,0
2023-09-06,225326.86415779142,36650.040656204525,32,0
2023-09-07,226687.49941169767,36650.040656204525,32,0
2023-09-08,227658.6702643588,36650.040656204525,32,0
2023-09-11,229357.80190193205,36650.040656204525,32,0
2023-09-12,227981.8005591586,36650.040656204525,32,0
2023-09-13,229014.1067165683,19584.19932215912,39,0
2023-09-14,230043.30080836517,19584.19932215912,39,0
2023-09-15,230871.27239649993,19584.19932215912,39,0
2023-09-18,231220.88285487395,19584.19932215912,39,0
2023-09-19,231220.88285487395,19584.19932215912,39,0
2023-09-20,229911.7691328891,28293.387144363707,37,0
2023-09-21,228444.61831501801,28293.387144363707,37,0
2023-09-22,228214.00376728852,28293.387144363707,37,0
2023-09-25,228395.77464131196,28293.387144363707,37,0
2023-09-26,228146.35596089202,33996.032062576596,36,0
2023-09-27,228606.90460975678,73398.90767677338,27,0
2023-09-28,226621.45722206146,73398.90767677338,27,0
2023-09-29,228265.829505997,73398.90767677338,27,0
2023-10-02,228265.829505997,73398.90767677338,27,0
2023-10-03,227340.0173111728,73398.90767677338,27,0
2023-10-04,225687.91674368316,119212.57255117827,18,0
2023-10-05,225933.15613882476,119212.57255117827,18,0
2023-10-06,226920.63231985504,119212.57255117827,18,0
2023-10-09,226248.04465811187,119212.57255117827,18,0
2023-10-10,227723.38045828277,119212.57255117827,18,0
2023-10-11,228051.18165188626,50309.158870514206,27,0
2023-10-12,228122.85860806302,50309.158870514206,27,0
2023-10-13,228106.26366787747,50309.158870514206,27,0
2023-10-16,228251.3552969058,50309.158870514206,27,0
2023-10-17,229006.4918630679,50309.158870514206,27,0
2023-10-18,227949.17758821134,45349.55190156583,30,0
2023-10-19,227784.6969058383,45349.55190156583,30,0
2023-10-20,226722.87766145353,45349.55190156583,30,0
2023-10-23,223687.4943447421,50362.143606216705,29,0
2023-10-24,223687.4943447421,50362.143606216705,29,0
2023-10-25,222330.9069295352,146864.205193085,11,0
2023-10-26,221124.77309469634,146864.205193085,11,0
2023-10-27,222311.92667440826,146864.205193085,11,0
2023-10-30,222620.391029877,146864.205193085,11,0
2023-10-31,222928.51480917388,146864.205193085,11,0
2023-11-01,222229.00136416653,128095.82481997708,11,0
2023-11-02,223009.95862429836,128095.82481997708,11,0
2023-11-03,223236.40581362942,128095.82481997708,11,0
2023-11-06,223919.40628665188,128095.82481997708,11,0
2023-11-07,224523.17519229153,128095.82481997708,11,0
2023-11-08,225105.361984772,27085.30265860013,30,0
2023-11-09,225171.1827092593,27085.30265860013,30,0
2023-11-10,225522.9416356509,27085.30265860013,30,0
2023-11-13,226761.9356389468,27085.30265860013,30,0
2023-11-14,226761.9356389468,27085.30265860013,30,0
2023-11-15,229012.73640965298,19303.638219345372,34,0
2023-11-16,229492.34250401333,19303.638219345372,34,0
2023-11-17,229277.4661612399,19303.638219345372,34,0
2023-11-20,229132.938664902,19303.638219345372,34,0
2023-11-21,229618.17352818325,19303.638219345372,34,0
2023-11-22,230174.04756451445,33282.82605267362,36,0
2023-11-23,230385.17901898222,33282.82605267362,36,0
2023-11-24,229654.03917218046,33282.82605267362,36,0
2023-11-27,229654.03917218046,33282.82605267362,36,0
2023-11-28,231993.47101116972,33282.82605267362,36,0
2023-11-29,233021.49181719997,30439.387279236114,38,0
2023-11-30,234466.47613116482,30439.387279236114,38,0
2023-12-01,235322.31220599392,30439.387279236114,38,0
2023-12-04,240090.3939931033,30439.387279236114,38,0
2023-12-05,243315.41683551052,30439.387279236114,38,0
2023-12-06,243406.84727587918,21425.214570190703,42,0
2023-12-07,243485.3593760989,21425.214570190703,42,0
2023-12-08,243150.34840502957,21425.214570190703,42,0
2023-12-11,243523.35904040554,21425.214570190703,42,0
2023-12-12,243068.0479899905,21425.214570190703,42,0
2023-12-13,243868.85568405178,32742.43768478421,39,0
2023-12-14,245524.95993209866,32742.43768478421,39,0
2023-12-15,247165.88360763577,32742.43768478421,39,0
2023-12-18,247040.31836105374,32742.43768478421,39,0
2023-12-19,248092.17225814846,32742.43768478421,39,0
2023-12-20,243100.39430368072,53939.10508859282,36,0
2023-12-21,244427.59575021392,53939.10508859282,36,0
2023-12-22,246124.85615670806,53939.10508859282,36,0
2023-12-25,246124.85615670806,53939.10508859282,36,0
2023-12-26,247672.83189523345,53939.10508859282,36,0
2023-12-27,249431.0393635562,43793.78951614408,37,0
2023-12-28,251933.4207722476,43793.78951614408,37,0
2023-12-29,251369.18517654447,43793.78951614408,37,0
2024-01-01,252178.9825703433,43793.78951614408,37,0
2024-01-02,252711.92055862455,43793.78951614408,37,0
2024-01-03,251796.69603323395,44041.177325958546,36,0
2024-01-04,252993.8413274234,44041.177325958546,36,0
2024-01-05,253253.7304265445,44041.177325958546,36,0
2024-01-08,251932.71193289215,44041.177325958546,36,0
2024-01-09,253426.2863652652,44041.177325958546,36,0
2024-01-10,253238.40722158842,98056.26894644195,25,0
2024-01-11,254189.92708853178,98056.26894644195,25,0
2024-01-12,255069.98336294584,98056.26894644195,25,0
2024-01-15,256038.1749828189,98056.26894644195,25,0
2024-01-16,255856.20418814116,98056.26894644195,25,0
2024-01-17,254488.96076734952,71964.9107337802,27,0
2024-01-18,254235.85229261807,71964.9107337802,27,0
2024-01-19,256479.15147169522,71964.9107337802,27,0
2024-01-22,256479.15147169522,71964.9107337802,27,0
2024-01-23,253374.05140455655,71964.9107337802,27,0
2024-01-24,256054.87049671967,64949.07047840911,28,0
2024-01-25,255569.37745472748,64949.07047840911,28,0
2024-01-26,255569.37745472748,64949.07047840911,28,0
2024-01-29,260017.83440968354,64949.07047840911,28,0
2024-01-30,259142.17936512787,64949.07047840911,28,0
2024-01-31,260894.07328535488,69233.76290632658,28,0
2024-02-01,260858.46520735195,69233.76290632658,28,0
2024-02-02,265946.3472569125,69233.76290632658,28,0
2024-02-05,267077.0943577426,69233.76290632658,28,0
2024-02-06,270848.1099217074,69233.76290632658,28,0
2024-02-07,270263.5535989535,50300.87900788908,31,0
2024-02-08,270633.06000764493,50300.87900788908,31,0
2024-02-09,271341.9636636508,50300.87900788908,31,0
2024-02-12,268702.7991433871,50300.87900788908,31,0
2024-02-13,269654.8802560275,55833.84151396208,30,0
2024-02-14,272926.70716154505,61412.332146286295,29,0
2024-02-15,275214.421501755,61412.332146286295,29,0
2024-02-16,277329.475395798,61412.332146286295,29,0
2024-02-19,277313.28504240443,61412.332146286295,29,0
2024-02-20,276873.67551481654,61412.332146286295,29,0
2024-02-21,274221.16466859466,59752.34772828702,31,0
2024-02-22,275609.578853165,59752.34772828702,31,0
2024-02-23,275219.36461976654,59752.34772828702,31,0
2024-02-26,274919.6259875644,59752.34772828702,31,0
2024-02-27,275639.6380877841,59752.34772828702,31,0
2024-02-28,271756.90344520594,98332.25236793545,29,0
2024-02-29,272338.9131040194,98332.25236793545,29,0
2024-03-01,274295.9245938876,98332.25236793545,29,0
2024-03-04,275174.85054298426,98332.25236793545,29,0
2024-03-05,274817.51893898036,98332.25236793545,29,0
2024-03-06,275475.2671031344,71905.52531236294,32,0
2024-03-07,276084.95667832973,71905.52531236294,32,0
2024-03-08,276084.95667832973,71905.52531236294,32,0
2024-03-11,274948.61070054653,71905.52531236294,32,0
2024-03-12,273331.46737474087,71905.52531236294,32,0
2024-03-13,267264.5796564487,148034.81764778166,18,0
2024-03-14,268745.75774177583,148034.81764778166,18,0
2024-03-15,267919.42012416106,156917.39206324797,17,0
2024-03-18,267590.64151393156,156917.39206324797,17,0
2024-03-19,265312.08241908293,163888.91149012785,16,0
2024-03-20,265059.8492329867,196189.79224140957,11,0
2024-03-21,265341.4504597933,196189.79224140957,11,0
2024-03-22,266109.8752797396,196189.79224140957,11,0
2024-03-25,266109.8752797396,196189.79224140957,11,0
2024-03-26,265885.7128041537,196189.79224140957,11,0
2024-03-27,266020.90178456146,64270.41872181731,24,0
2024-03-28,269091.9384056552,64270.41872181731,24,0
2024-03-29,269091.9384056552,64270.41872181731,24,0
2024-04-01,269784.8007256015,64270.41872181731,24,0
2024-04-02,270944.105519913,64270.41872181731,24,0
2024-04-03,270396.67918894987,38132.82613108856,30,0
2024-04-04,269882.6062214206,38132.82613108856,30,0
2024-04-05,269048.492619736,38132.82613108856,30,0
2024-04-08,271655.1294758151,38132.82613108856,30,0
2024-04-09,271713.44357798796,38132.82613108856,30,0
2024-04-10,273054.11491514614,36642.53599668914,32,0
2024-04-11,273054.11491514614,36642.53599668914,32,0
2024-04-12,270676.321885361,36642.53599668914,32,0
2024-04-15,268531.1266796725,36642.53599668914,32,0
2024-04-16,267690.5647595065,36642.53599668914,32,0
2024-04-17,267592.9067110446,134202.9264101413,18,0
2024-04-18,267308.09094566375,134202.9264101413,18,0
2024-04-19,267876.56821006804,134202.9264101413,18,0
2024-04-22,269222.9883303073,134202.9264101413,18,0
2024-04-23,269365.6016420749,134202.9264101413,18,0
2024-04-24,270094.019097031,95099.18473118624,22,0
2024-04-25,271781.37020652805,97718.58248680148,21,0
2024-04-26,270129.8809485935,109688.30561595186,20,0
2024-04-29,271350.92370372044,109688.30561595186,20,0
2024-04-30,271881.97083811986,109688.30561595186,20,0
2024-05-01,271827.9479218601,55611.36643992648,28,0
2024-05-02,273431.0468293308,55611.36643992648,28,0
2024-05-03,272919.1766663669,55611.36643992648,28,0
2024-05-06,271683.4373170017,55611.36643992648,28,0
2024-05-07,268779.175720322,55611.36643992648,28,0
2024-05-08,269853.6350904392,77295.22977122532,26,0
2024-05-09,266611.1670442966,82833.93405784642,25,0
2024-05-10,268751.73441185034,82833.93405784642,25,0
2024-05-13,269451.3267122654,82833.93405784642,25,0
2024-05-14,270315.03113426245,82833.93405784642,25,0
2024-05-15,271464.810527573,86325.9243581394,23,0
2024-05-16,272256.43809104955,86325.9243581394,23,0
2024-05-17,273036.63129783666,86325.9243581394,23,0
2024-05-20,273036.63129783666,86325.9243581394,23,0
2024-05-21,276064.58512474096,86325.9243581394,23,0
2024-05-22,276323.69438548316,53279.65903086889,28,0
2024-05-23,279448.13776011695,53279.65903086889,28,0
2024-05-24,279289.89555735816,53279.65903086889,28,0
2024-05-27,278734.88315196265,53279.65903086889,28,0
2024-05-28,278110.7402534031,53279.65903086889,28,0
2024-05-29,277467.3119919895,36698.25135356177,33,0
2024-05-30,274430.165110886,36698.25135356177,33,0
2024-05-31,275014.7747794651,40162.46189799537,32,0
2024-06-03,283673.7017051243,40162.46189799537,32,0
2024-06-04,266166.66366413917,56528.145475662604,29,0
2024-06-05,274135.2490628818,157792.3699124912,15,0
2024-06-06,273443.842507706,157792.3699124912,15,0
2024-06-07,275278.2496121982,157792.3699124912,15,0
2024-06-10,275583.93454872165,157792.3699124912,15,0
2024-06-11,275595.6070340732,157792.3699124912,15,0
2024-06-12,275172.1567368473,36154.99934243814,31,0
2024-06-13,275818.94575357094,36154.99934243814,31,0
2024-06-14,276682.75433206215,36154.99934243814,31,0
2024-06-17,276682.75433206215,36154.99934243814,31,0
2024-06-18,277407.7644181217,36154.99934243814,31,0
2024-06-19,275869.85841006506,35696.1209527897,32,0
2024-06-20,275863.8297235416,35696.1209527897,32,0
2024-06-21,275685.84992617834,35696.1209527897,32,0
2024-06-24,276915.6084711002,35696.1209527897,32,0
2024-06-25,277401.0253564762,35696.1209527897,32,0
2024-06-26,277185.2915940861,69460.63363510171,25,0
2024-06-27,279321.23708969157,69460.63363510171,25,0
2024-06-28,279198.17208725016,69460.63363510171,25,0
2024-07-01,279848.94439559977,69460.63363510171,25,0
2024-07-02,278877.35275131266,69460.63363510171,25,0
2024-07-03,280564.8857343449,37335.4537885441,32,0
2024-07-04,281328.9013288273,37335.4537885441,32,0
2024-07-05,283249.49169137614,37335.4537885441,32,0
2024-07-08,283180.8362043156,37335.4537885441,32,0
2024-07-09,284531.06633737223,37335.4537885441,32,0
2024-07-10,283886.7548102116,32990.14604556314,34,0
2024-07-11,283726.92454898113,32990.14604556314,34,0
2024-07-12,285644.0017584538,32990.14604556314,34,0
2024-07-15,287007.5158575749,32990.14604556314,34,0
2024-07-16,287519.5226935124,32990.14604556314,34,0
2024-07-17,287512.04144973797,25501.421027374665,37,0
2024-07-18,289440.4430915837,25501.421027374665,37,0
2024-07-19,285601.89511795086,25501.421027374665,37,0
2024-07-22,286047.8945381169,25501.421027374665,37,0
2024-07-23,286641.96222610516,25501.421027374665,37,0
2024-07-24,286067.7377686466,79267.6719422306,30,0
2024-07-25,286534.3704590763,79267.6719422306,30,0
2024-07-26,291006.04633187904,79267.6719422306,30,0
2024-07-29,290772.15610360756,79267.6719422306,30,0
2024-07-30,290566.8308472599,79267.6719422306,30,0
2024-07-31,291291.99957266275,38075.97189321938,38,0
2024-08-01,291975.5047911686,38075.97189321938,38,0
2024-08-02,289317.75378408853,38075.97189321938,38,0
2024-08-05,283300.1471585392,49317.70675936928,35,0
2024-08-06,282615.69833651773,49317.70675936928,35,0
2024-08-07,286152.85807089275,125227.73557333414,24,0
2024-08-08,284360.4292684025,125227.73557333414,24,0
2024-08-09,285561.72748617595,125227.73557333414,24,0
2024-08-12,284820.3210530705,125227.73557333414,24,0
2024-08-13,283840.75025228923,125227.73557333414,24,0
2024-08-14,282042.0775577397,173308.3266727299,16,0
2024-08-15,282042.0775577397,173308.3266727299,16,0
2024-08-16,283297.9570133061,173308.3266727299,16,0
2024-08-19,283433.51859777875,173308.3266727299,16,0
2024-08-20,284128.78712194867,173308.3266727299,16,0
2024-08-21,284935.007729401,28173.678353180323,36,0
2024-08-22,285390.30243765295,28173.678353180323,36,0
2024-08-23,285676.1305016178,28173.678353180323,36,0
2024-08-26,287404.8149193424,28173.678353180323,36,0
2024-08-27,287603.56708609045,28173.678353180323,36,0
2024-08-28,287433.7481461491,31130.644172760403,36,0
2024-08-29,288763.26325235027,31130.644172760403,36,0
2024-08-30,290279.4296647038,31130.644172760403,36,0
2024-09-02,291686.0986100163,31130.644172760403,36,0
2024-09-03,291636.5747452702,31130.644172760403,36,0
2024-09-04,291144.40380325355,47618.37124099771,35,0
2024-09-05,290593.3391670231,47618.37124099771,35,0
2024-09-06,288677.9998292545,56719.86915298501,34,0
2024-09-09,289261.20515152015,56719.86915298501,34,0
2024-09-10,289696.3319215397,56719.86915298501,34,0
2024-09-11,289820.9544935612,75415.11925796547,29,0
2024-09-12,293254.9107618717,75415.11925796547,29,0
2024-09-13,293770.8526258854,75415.11925796547,29,0
2024-09-16,293147.8631239323,75415.11925796547,29,0
2024-09-17,293524.9518385319,75415.11925796547,29,0
2024-09-18,293655.46892556804,54535.76796731607,33,0
2024-09-19,294287.62880715984,54535.76796731607,33,0
2024-09-20,296816.14458474773,54535.76796731607,33,0
2024-09-23,297944.869896027,54535.76796731607,33,0
2024-09-24,297254.60454568523,54535.76796731607,33,0
2024-09-25,297916.70411917154,38260.20640798989,40,0
2024-09-26,300876.8637413639,38260.20640798989,40,0
2024-09-27,301874.4222130436,38260.20640798989,40,0
2024-09-30,299314.22966238443,38260.20640798989,40,0
2024-10-01,299208.6220421452,38260.20640798989,40,0
2024-10-02,299177.32610183756,69524.85077529946,36,0
2024-10-03,294567.82066970866,69524.85077529946,36,0
2024-10-04,291851.1323635563,70904.47916531411,35,0
2024-10-07,290069.4559714665,74935.66172097818,34,0
2024-10-08,290939.14983438153,74935.66172097818,34,0
2024-10-09,291083.21939460794,199057.59775154153,14,0
2024-10-10,290285.5505103306,199057.59775154153,14,0
2024-10-11,291135.75241462747,199057.59775154153,14,0
2024-10-14,292085.96701423684,199057.59775154153,14,0
2024-10-15,291283.48306648294,199057.59775154153,14,0
2024-10-16,291017.50366322364,141742.47784535255,16,0
2024-10-17,290274.47561756935,141742.47784535255,16,0
2024-10-18,290652.555360001,141742.47784535255,16,0
2024-10-21,289855.84884843486,146258.0679341282,15,0
2024-10-22,288324.7499104466,146258.0679341282,15,0
2024-10-23,288583.9814691624,190636.90163517802,9,0
2024-10-24,288398.54372502177,190636.90163517802,9,0
2024-10-25,287764.4339838108,190636.90163517802,9,0
2024-10-28,287841.50649357645,190636.90163517802,9,0
2024-10-29,287851.85024357645,190636.90163517802,9,0
2024-10-30,287010.3125132908,160940.7151622166,10,0
2024-10-31,285278.7479380955,160940.7151622166,10,0
2024-11-01,285405.21809190407,160940.7151622166,10,0
2024-11-04,284601.2580699314,160940.7151622166,10,0
2024-11-05,285626.64460557594,160940.7151622166,10,0
2024-11-06,286999.0373176121,85974.96700511208,17,0
2024-11-07,285283.5866950535,85974.96700511208,17,0
2024-11-08,285661.0807136082,85974.96700511208,17,0
2024-11-11,284256.8605671238,94134.45559886209,16,0
2024-11-12,281941.77554515115,94134.45559886209,16,0
2024-11-13,278939.71409214824,161139.07761753883,9,0
2024-11-14,279159.12351597636,161139.07761753883,9,0
2024-11-15,279159.12351597636,161139.07761753883,9,0
2024-11-18,278302.86265171855,161139.07761753883,9,0
2024-11-19,279351.61863316386,161139.07761753883,9,0
2024-11-20,279338.2984788669,174445.91176011696,8,0
2024-11-21,279378.34364488255,174445.91176011696,8,0
2024-11-22,281932.4593675388,174445.91176011696,8,0
2024-11-25,283020.3911302341,174445.91176011696,8,0
2024-11-26,283164.2503831638,174445.91176011696,8,0
2024-11-27,283425.2851215214,101314.08549078408,16,2
2024-11-28,280409.9905658573,101314.08549078408,16,2
2024-11-29,282273.3990741581,101314.08549078408,16,2
2024-12-02,284019.7234607548,101314.08549078408,16,2
2024-12-03,285042.1935535282,101314.08549078408,16,2
2024-12-04,285432.6534819035,97771.65342086832,19,2
2024-12-05,287156.3884977726,97771.65342086832,19,2
2024-12-06,286913.7896360783,97771.65342086832,19,2
2024-12-09,286572.5753416447,97771.65342086832,19,2
2024-12-10,286599.2603544621,97771.65342086832,19,2
2024-12-11,286555.25353930704,105314.26403735392,20,2
2024-12-12,286847.75614856,105314.26403735392,20,2
2024-12-13,288541.43308947794,105314.26403735392,20,2
2024-12-16,287656.1393272709,105314.26403735392,20,2
2024-12-17,285354.7928709416,106307.01970809976,18,2
2024-12-18,284173.30377983133,149635.13983940164,11,2
2024-12-19,282643.9293901829,149635.13983940164,11,2
2024-12-20,280201.56235209695,158194.04990092508,10,2
2024-12-23,281083.6319321751,158194.04990092508,10,2
2024-12-24,280804.51840678445,158194.04990092508,10,2
2024-12-25,280727.7466053929,205356.5797352757,6,2
2024-12-26,280907.8246083226,205356.5797352757,6,2
2024-12-27,281842.31435441633,205356.5797352757,6,2
2024-12-30,281121.74733781477,205356.5797352757,6,2
2024-12-31,280970.3354725804,205356.5797352757,6,2
